# 이 기호가 주석임 ㅎㅎ
-- 이걸 쓸때는 반드시 공백이 하나 필요함
/*
여러줄 주석이지
*/

# 처음에 어떤 schema를 사용할지 선택
# use sakila;

# 데이터베이스 만들기
#create database ssafydb;

# 실행; ctrl+enter
use ssafydb;

# 배포된 스크립트를 이용해서 테이블 만들어보자
CREATE TABLE IF NOT EXISTS `BONUS` (
  `ENAME` varchar(10) DEFAULT NULL,
  `JOB` varchar(9) DEFAULT NULL,
  `SAL` double DEFAULT NULL,
  `COMM` double DEFAULT NULL
) ENGINE=InnoDB DEFAULT CHARSET=utf8;


CREATE TABLE IF NOT EXISTS `DEPT` (
  `DEPTNO` int(11) NOT NULL,
  `DNAME` varchar(14) DEFAULT NULL,
  `LOC` varchar(13) DEFAULT NULL,
  PRIMARY KEY (`DEPTNO`)
) ENGINE=InnoDB DEFAULT CHARSET=utf8;



INSERT INTO `DEPT` (`DEPTNO`, `DNAME`, `LOC`) VALUES
(10, 'ACCOUNTING', 'NEW YORK'),
(20, 'RESEARCH', 'DALLAS'),
(30, 'SALES', 'CHICAGO'),
(40, 'OPERATIONS', 'BOSTON');


CREATE TABLE IF NOT EXISTS `EMP` (
  `EMPNO` int(11) NOT NULL,
  `ENAME` varchar(10) DEFAULT NULL,
  `JOB` varchar(9) DEFAULT NULL,
  `MGR` int(11) DEFAULT NULL,
  `HIREDATE` datetime DEFAULT NULL,
  `SAL` double DEFAULT NULL,
  `COMM` double DEFAULT NULL,
  `DEPTNO` int(11) DEFAULT NULL,
  PRIMARY KEY (`EMPNO`),
  KEY `PK_EMP` (`DEPTNO`)
) ENGINE=InnoDB DEFAULT CHARSET=utf8;


INSERT INTO `EMP` (`EMPNO`, `ENAME`, `JOB`, `MGR`, `HIREDATE`, `SAL`, `COMM`, `DEPTNO`) VALUES
(7369, 'SMITH', 'CLERK', 7902, '1980-12-17 00:00:00', 800, NULL, 20),
(7499, 'ALLEN', 'SALESMAN', 7698, '1981-02-20 00:00:00', 1600, 300, 30),
(7521, 'WARD', 'SALESMAN', 7698, '1981-02-22 00:00:00', 1250, 500, 30),
(7566, 'JONES', 'MANAGER', 7839, '1981-04-02 00:00:00', 2975, NULL, 20),
(7654, 'MARTIN', 'SALESMAN', 7698, '1981-09-28 00:00:00', 1250, 1400, 30),
(7698, 'BLAKE', 'MANAGER', 7839, '1981-05-01 00:00:00', 2850, NULL, 30),
(7782, 'CLARK', 'MANAGER', 7839, '1981-06-09 00:00:00', 2450, NULL, 10),
(7788, 'SCOTT', 'ANALYST', 7566, '1987-04-19 00:00:00', 3000, NULL, 20),
(7839, 'KING', 'PRESIDENT', NULL, '1981-11-17 00:00:00', 5000, NULL, 10),
(7844, 'TURNER', 'SALESMAN', 7698, '1981-09-08 00:00:00', 1500, 0, 30),
(7876, 'ADAMS', 'CLERK', 7788, '1987-05-23 00:00:00', 1100, NULL, 20),
(7900, 'JAMES', 'CLERK', 7698, '1981-12-03 00:00:00', 950, NULL, 30),
(7902, 'FORD', 'ANALYST', 7566, '1981-12-03 00:00:00', 3000, NULL, 20),
(7934, 'MILLER', 'CLERK', 7782, '1982-01-23 00:00:00', 1300, NULL, 10);

CREATE TABLE IF NOT EXISTS `SALGRADE` (
  `GRADE` double DEFAULT NULL,
  `LOSAL` double DEFAULT NULL,
  `HISAL` double DEFAULT NULL
) ENGINE=InnoDB DEFAULT CHARSET=utf8;


INSERT INTO `SALGRADE` (`GRADE`, `LOSAL`, `HISAL`) VALUES
(1, 700, 1200),
(2, 1201, 1400),
(3, 1401, 2000),
(4, 2001, 3000),
(5, 3001, 9999);


ALTER TABLE `EMP`
  ADD CONSTRAINT `PK_EMP` FOREIGN KEY (`DEPTNO`) REFERENCES `DEPT` (`DEPTNO`) ON DELETE SET NULL ON UPDATE CASCADE;

commit;

use sakila;
# 모든 DB정보
show databases;
show tables;
desc address;

# collection: c - create:insert / r - retrive:select / u - update / d - delete
/*
	select [distinct] column_list
    from table_name
    where condition
    group by
    having
    order by alter
    limit
*/

# customer 테이블의 자료를 모두 보자
select * from customer;

# customer에서 cumtomer_id, first_name, last_name 조회하기
select customer_id, first_name, last_name from customer;

# 조회컬럼의 alias 주기
select customer_id "고객번호", first_name '이름', last_name 성, create_date as "가입일"
from customer;

# 연산자 사용하기 : 사칙연산 사용가능
# payment에서 amount와 amount의 10%를 적립금이라고 출력하자
desc payment;
select amount, amount*0.1 as "적립금"
from payment;

# null값을 이용한 연산에서 주의점..
select 1+1, 1+null;  -- null은 어떤놈과 연산해도 null, 따라서 연산시 null 여부에 대한 확인 및 변환이 필요

